<?xml version="1.0" encoding="UTF-8"?>
<!DOCTYPE mapper
        PUBLIC "-//mybatis.org//DTD Mapper 3.0//EN"
        "http://mybatis.org/dtd/mybatis-3-mapper.dtd">
<mapper namespace="com.xstocks.uc.mapper.RoleUserMapper">

    <resultMap id="BaseResultMap" type="com.xstocks.uc.pojo.po.RoleUserPO">
        <id property="id" column="id" jdbcType="BIGINT"/>
        <result property="roleId" column="role_id" jdbcType="BIGINT"/>
        <result property="userId" column="user_id" jdbcType="BIGINT"/>
        <result property="createTime" column="create_time" jdbcType="TIMESTAMP"/>
        <result property="updateTime" column="update_time" jdbcType="TIMESTAMP"/>
    </resultMap>

    <sql id="Base_Column_List">
        id,role_id,user_id,
        create_time,update_time
    </sql>
</mapper>
