<?xml version="1.0" encoding="UTF-8"?>
<!DOCTYPE mapper
        PUBLIC "-//mybatis.org//DTD Mapper 3.0//EN"
        "http://mybatis.org/dtd/mybatis-3-mapper.dtd">
<mapper namespace="com.xstocks.uc.mapper.RoleMapper">

    <resultMap id="BaseResultMap" type="com.xstocks.uc.pojo.po.RolePO">
        <id property="id" column="id" jdbcType="BIGINT"/>
        <result property="roleCode" column="role_code" jdbcType="VARCHAR"/>
        <result property="roleName" column="role_name" jdbcType="VARCHAR"/>
        <result property="createTime" column="create_time" jdbcType="TIMESTAMP"/>
        <result property="updateTime" column="update_time" jdbcType="TIMESTAMP"/>
        <result property="roleType" column="role_type" jdbcType="TINYINT"/>
    </resultMap>

    <sql id="Base_Column_List">
        id,role_code,role_name,create_time,
        update_time,role_type
    </sql>
</mapper>
