<?xml version="1.0" encoding="UTF-8"?>
<!DOCTYPE mapper
        PUBLIC "-//mybatis.org//DTD Mapper 3.0//EN"
        "http://mybatis.org/dtd/mybatis-3-mapper.dtd">
<mapper namespace="com.xstocks.uc.mapper.SysConfMapper">

    <resultMap id="BaseResultMap" type="com.xstocks.uc.pojo.po.SysConfPO">
        <id property="id" column="id" jdbcType="BIGINT"/>
        <result property="name" column="name" jdbcType="VARCHAR"/>
        <result property="value" column="value" jdbcType="VARCHAR"/>
        <result property="description" column="description" jdbcType="VARCHAR"/>
        <result property="createTime" column="create_time" jdbcType="TIMESTAMP"/>
        <result property="updateTime" column="update_time" jdbcType="TIMESTAMP"/>
        <result property="createBy" column="create_by" jdbcType="BIGINT"/>
        <result property="updateBy" column="update_by" jdbcType="BIGINT"/>
    </resultMap>

    <sql id="Base_Column_List">
        id,name,value,
        description,create_time,update_time,create_by,update_by
    </sql>
</mapper>
