<?xml version="1.0" encoding="UTF-8"?>
<!DOCTYPE mapper
        PUBLIC "-//mybatis.org//DTD Mapper 3.0//EN"
        "http://mybatis.org/dtd/mybatis-3-mapper.dtd">
<mapper namespace="com.xstocks.uc.mapper.TunePlanMapper">

    <resultMap id="BaseResultMap" type="com.xstocks.uc.pojo.po.TunePlanPO">
            <id property="id" column="id" jdbcType="BIGINT"/>
            <result property="tickerId" column="ticker_id" jdbcType="BIGINT"/>
            <result property="isUp" column="is_up" jdbcType="INTEGER"/>
            <result property="expectedPrice" column="expected_price" jdbcType="DECIMAL"/>
            <result property="startTime" column="start_time" jdbcType="BIGINT"/>
            <result property="endTime" column="end_time" jdbcType="BIGINT"/>
            <result property="createTime" column="create_time" jdbcType="TIMESTAMP"/>
            <result property="updateTime" column="update_time" jdbcType="TIMESTAMP"/>
            <result property="createBy" column="create_by" jdbcType="BIGINT"/>
            <result property="updateBy" column="update_by" jdbcType="BIGINT"/>
    </resultMap>

    <sql id="Base_Column_List">
        id,ticker_id,is_up,
        expected_price,start_time,end_time,
        create_time,update_time,create_by,
        update_by
    </sql>
</mapper>
