<?xml version="1.0" encoding="UTF-8"?>
<!DOCTYPE mapper
        PUBLIC "-//mybatis.org//DTD Mapper 3.0//EN"
        "http://mybatis.org/dtd/mybatis-3-mapper.dtd">
<mapper namespace="com.xstocks.uc.mapper.UserCollectMapper">

    <resultMap id="BaseResultMap" type="com.xstocks.uc.pojo.po.UserCollectPO">
            <id property="id" column="id" jdbcType="BIGINT"/>
            <result property="userId" column="user_id" jdbcType="BIGINT"/>
            <result property="tickerId" column="ticker_id" jdbcType="BIGINT"/>
            <result property="createTime" column="create_time" jdbcType="TIMESTAMP"/>
            <result property="updateTime" column="update_time" jdbcType="TIMESTAMP"/>
            <result property="isDel" column="is_del" jdbcType="INTEGER"/>
    </resultMap>

    <sql id="Base_Column_List">
        id,user_id,ticker_id,
        create_time,update_time,is_del
    </sql>
</mapper>
